{"cameraMode":{"drawMode":0,"name":"Shaded","section":"Shading Mode"},"sceneLighting":true,"audioPlay":false,"sceneViewState":{"m_AlwaysRefresh":false,"showFog":true,"showSkybox":true,"showFlares":true,"showImageEffects":true,"showParticleSystems":true,"showVisualEffectGraphs":true,"m_FxEnabled":true},"in2DMode":false,"pivot":{"x":-2.1313490867614748,"y":6.734554767608643,"z":21.58550453186035},"rotation":{"x":-0.0021688700653612615,"y":-0.9948002696037293,"z":0.0994352474808693,"w":-0.021727852523326875},"size":9.19769287109375,"orthographic":false}