{"cameraMode":{"drawMode":0,"name":"Shaded","section":"Shading Mode"},"sceneLighting":true,"audioPlay":false,"sceneViewState":{"m_AlwaysRefresh":false,"showFog":true,"showSkybox":true,"showFlares":true,"showImageEffects":true,"showParticleSystems":true,"showVisualEffectGraphs":true,"m_FxEnabled":true},"in2DMode":false,"pivot":{"x":18.020000457763673,"y":5.560000419616699,"z":-16.634000778198243},"rotation":{"x":0.08262825757265091,"y":0.8790749907493591,"z":-0.4394012987613678,"w":0.1653076410293579},"size":3.3541860580444338,"orthographic":false}