{"cameraMode":{"drawMode":0,"name":"Shaded","section":"Shading Mode"},"sceneLighting":true,"audioPlay":false,"sceneViewState":{"m_AlwaysRefresh":false,"showFog":true,"showSkybox":true,"showFlares":true,"showImageEffects":true,"showParticleSystems":true,"showVisualEffectGraphs":true,"m_FxEnabled":true},"in2DMode":false,"pivot":{"x":216.24688720703126,"y":11.441255569458008,"z":10.680434226989746},"rotation":{"x":0.00007725258910795674,"y":0.9999043345451355,"z":-0.01233005989342928,"w":0.006253975443542004},"size":145.6138153076172,"orthographic":false}