{"cameraMode":{"drawMode":0,"name":"Shaded","section":"Shading Mode"},"sceneLighting":true,"audioPlay":false,"sceneViewState":{"m_AlwaysRefresh":false,"showFog":true,"showSkybox":true,"showFlares":true,"showImageEffects":true,"showParticleSystems":true,"showVisualEffectGraphs":true,"m_FxEnabled":true},"in2DMode":false,"pivot":{"x":55.68396759033203,"y":36.476253509521487,"z":14.509770393371582},"rotation":{"x":0.08262825757265091,"y":0.8790749907493591,"z":-0.4394012987613678,"w":0.1653076410293579},"size":39.056880950927737,"orthographic":false}