{"cameraMode":{"drawMode":0,"name":"Shaded","section":"Shading Mode"},"sceneLighting":true,"audioPlay":false,"sceneViewState":{"m_AlwaysRefresh":false,"showFog":true,"showSkybox":true,"showFlares":true,"showImageEffects":true,"showParticleSystems":true,"showVisualEffectGraphs":true,"m_FxEnabled":true},"in2DMode":false,"pivot":{"x":-6.129171371459961,"y":3.1993560791015627,"z":3.6931347846984865},"rotation":{"x":-0.007259831298142672,"y":0.653344988822937,"z":-0.006265701726078987,"w":-0.7569994330406189},"size":7.901713848114014,"orthographic":false}